{
  "tiles": [
    "mmmmm",
    "mpmkm",
    "mdmwm",
    "mwxxm",
    "mhmcm",
    "mmmmm"
  ],
  "settings": {
    "Held": {
      "public": true
    },
    "Knappe": {
      "public": true
    },
    "Monster": {
      "public": true
    },
    "Herz": {
      "public": true
    },
    "Tuer": {
      "public": true
    },
    "Code": {
      "public": true
    },
    "Villager": {
      "public": true
    },
    "orientations": {
      "2,3": "left"
    }
  }
}