{
  "tiles": [
    "mwtt",
    "mpdh",
    "mwtt",
    "mwws"
  ],
  "settings": {
    "Held": {
      "public": false
    },
    "Knappe": {
      "public": false
    },
    "Monster": {
      "public": false
    },
    "Herz": {
      "public": false
    },
    "Tuer": {
      "public": false
    },
    "Code": {
      "public": false
    },
    "Villager": {
      "public": false
    },
    "Hindernis": {
      "public": false
    },
    "orientations": {
      "1,1": "right"
    },
    "colors": {
      "2,1": "golden",
      "3,3": "golden"
    },
    "victory": {
      "collect_hearts": true,
      "move_to": null,
      "classes_present": false
    },
    "use_student_module": false,
    "student_classes_in_subfolder": false
  }
}